Unnamed: 0_level_0,Unnamed: 1_level_0,Unnamed: 2_level_0,Unnamed: 3_level_0,14/15,15/16,16/17,17/18,18/19,19/20,20/21,21/22,22/23,23/24,Title Points,Total Points,Country Part
1,Unnamed: 1_level_1,Real Madrid,Esp,29.00,33.00,33.00,32.00,19.00,17.00,26.00,30.00,29.00,21.00,94.00,363.000,37.936
2.0,,Bayern München,Ger,28.0,29.0,22.0,29.0,20.0,36.0,27.0,26.0,27.0,20.0,43.0,307.0,30.567
3.0,,FC Barcelona,Esp,34.0,26.0,23.0,25.0,30.0,24.0,20.0,15.0,9.0,17.0,41.0,264.0,37.936
4.0,,Manchester City,Eng,15.0,26.0,18.0,22.0,25.0,25.0,35.0,27.0,33.0,21.0,13.0,260.0,37.203
5.0,,Liverpool,Eng,10.0,22.0,,30.0,29.0,18.0,24.0,33.0,19.0,13.0,36.0,234.0,37.203
6.0,,Juventus,Ita,29.0,18.0,33.0,23.0,21.0,22.0,21.0,20.0,17.0,,17.0,221.0,31.601
7.0,,Atlético Madrid,Esp,22.0,28.0,29.0,28.0,20.0,22.0,16.0,19.0,8.0,19.0,7.0,218.0,37.936
8.0,,Paris Saint-Germain,Fra,21.0,24.0,20.0,19.0,19.0,31.0,24.0,19.0,19.0,15.0,2.0,213.0,24.132
9.0,,Chelsea,Eng,21.0,18.0,,18.0,30.0,17.0,33.0,25.0,21.0,,27.0,210.0,37.203
10.0,,Sevilla,Esp,28.0,23.0,19.0,21.0,13.0,26.0,19.0,12.0,21.0,6.0,16.0,204.0,37.936
11.0,,Manchester United,Eng,,13.0,26.0,20.0,19.0,22.0,26.0,18.0,19.0,7.0,23.0,193.0,37.203
12.0,,FC Porto,Por,25.0,11.0,17.0,17.0,23.0,7.0,23.0,10.0,18.0,17.0,16.0,184.0,20.276
13.0,,Borussia Dortmund,Ger,18.0,17.0,22.0,10.0,18.0,18.0,22.0,10.0,18.0,17.0,9.0,179.0,30.567
14.0,,AS Roma,Ita,12.0,14.0,13.0,25.0,17.0,11.0,24.0,23.0,22.0,11.0,,172.0,31.601
15.0,,Arsenal,Eng,20.0,15.0,19.0,21.0,26.0,10.0,23.0,,17.0,18.0,2.0,171.0,37.203
16.0,,Napoli,Ita,22.0,13.0,17.0,10.0,18.0,19.0,10.0,9.0,25.0,16.0,1.0,160.0,31.601
17.0,,Ajax,Ned,14.0,6.0,22.0,1.5,27.0,13.0,19.0,22.0,8.0,4.0,22.0,158.5,18.466
18.0,,Internazionale,Ita,12.0,,4.0,,15.0,25.0,9.0,18.0,29.0,18.0,21.0,151.0,31.601
,,Villarreal,Esp,12.0,23.0,9.0,8.0,16.0,,30.0,24.0,12.0,14.0,3.0,151.0,37.936
20.0,,Benfica,Por,8.0,22.0,17.0,4.0,17.0,10.0,10.0,20.0,25.0,7.0,8.0,148.0,20.276
21.0,,Shakhtar Donetsk,Ukr,17.0,20.0,14.0,19.0,10.0,22.0,14.0,6.0,11.0,10.0,2.0,145.0,13.34
22.0,,Bayer Leverkusen,Ger,18.0,14.0,18.0,,11.0,18.0,10.0,14.0,19.0,17.0,1.0,140.0,30.567
23.0,,Tottenham Hotspur,Eng,9.0,12.0,10.0,21.0,26.0,16.0,15.0,5.0,18.0,,3.0,135.0,37.203
24.0,,RB Leipzig,Ger,,,,17.0,5.0,27.0,17.0,17.0,18.0,17.0,,118.0,30.567
25.0,,AC Milan,Ita,,,,12.0,7.0,,12.0,7.0,24.0,10.0,42.0,114.0,31.601
26.0,,FC Basel,Sui,15.0,12.0,6.0,19.0,2.5,19.0,2.5,12.0,17.0,1.5,,106.5,11.735
27.0,,Olympique Lyon,Fra,1.5,7.0,22.0,14.0,17.0,23.0,,21.0,,,,105.5,24.132
28.0,,FC Salzburg,Aut,11.0,1.5,5.0,21.0,16.0,10.0,7.0,17.0,9.0,7.0,,104.5,12.57
29.0,,Sporting CP Lisbon,Por,10.0,7.0,6.0,17.0,10.0,10.0,2.5,16.0,14.0,10.0,1.0,103.5,20.276
30.0,,Zenit St. Petersburg,Rus,17.0,19.0,12.0,14.0,10.0,9.0,5.0,8.0,,,2.0,96.0,13.836
31.0,,Club Brugge,Bel,19.0,4.0,4.0,1.5,11.0,8.0,11.0,7.0,17.0,13.0,,95.5,17.18
32.0,,PSV Eindhoven,Ned,6.0,18.0,6.0,1.0,6.0,6.0,10.0,10.0,11.0,16.0,5.0,95.0,18.466
33.0,,Dynamo Kyiv,Ukr,16.0,18.0,8.0,12.0,11.0,6.0,10.0,5.0,3.0,2.5,2.0,93.5,13.34
34.0,,Lazio,Ita,,14.0,,17.0,6.0,4.0,17.0,9.0,6.0,16.0,2.0,91.0,31.601
35.0,,Eintracht Frankfurt,Ger,,,,,24.0,9.0,,28.0,16.0,7.0,4.0,88.0,30.567
36.0,,Feyenoord,Ned,9.0,,5.0,6.0,2.0,4.0,4.0,24.0,17.0,8.0,7.0,86.0,18.466
,,AS Monaco,Fra,21.0,5.0,25.0,6.0,5.0,,,15.0,9.0,,,86.0,24.132
38.0,,FC København,Den,3.0,1.0,16.0,7.0,4.0,14.0,2.5,13.0,7.0,15.0,,82.5,11.695
39.0,,Atalanta,Ita,,,,11.0,2.5,20.0,17.0,16.0,,15.0,,81.5,31.601
40.0,,Sporting Braga,Por,,15.0,5.0,9.0,2.0,10.0,9.0,16.0,7.0,7.0,,80.0,20.276
,,Olympiakos Piraeus,Gre,11.0,10.0,10.0,5.0,8.0,10.0,10.0,8.0,3.0,5.0,,80.0,11.105
42.0,,Olympique Marseille,Fra,,9.0,,19.0,3.0,,6.0,16.0,8.0,10.0,8.0,79.0,24.132
43.0,,Dinamo Zagreb,Cro,4.0,6.0,4.0,1.5,14.0,8.0,17.0,9.0,7.0,7.0,,77.5,10.33
44.0,,Slavia Praha,Cze,,,1.5,6.0,14.0,6.0,16.0,10.0,6.0,15.0,,74.5,12.645
,,AA Gent,Bel,,16.0,10.0,1.0,2.5,10.0,3.0,11.0,11.0,10.0,,74.5,17.18
46.0,,Besiktas,Tur,11.0,7.0,20.0,19.0,5.0,3.0,2.0,4.0,,3.0,,74.0,14.34
47.0,,Fiorentina,Ita,20.0,8.0,11.0,,,,,,20.0,11.0,1.0,71.0,31.601
48.0,,West Ham United,Eng,,1.0,1.5,,,,,21.0,29.0,15.0,1.0,68.5,37.203
49.0,,Glasgow Rangers,Sco,,,,0.25,5.0,11.0,15.0,19.0,4.0,13.0,1.0,68.25,11.595
50.0,,Celtic,Sco,7.0,3.0,7.0,8.0,6.0,10.0,3.0,6.0,6.0,7.0,4.0,67.0,11.595
51.0,,Schalke 04,Ger,17.0,11.0,18.0,,17.0,,,,,,2.0,65.0,30.567
52.0,,Fenerbahçe,Tur,,12.0,10.0,1.5,8.0,,,5.0,17.0,10.0,,63.5,14.34
,,Anderlecht,Bel,10.0,11.0,16.0,6.0,3.0,,,2.5,12.0,,3.0,63.5,17.18
54.0,,VfL Wolfsburg,Ger,16.0,24.0,,,,12.0,2.5,8.0,,,,62.5,30.567
55.0,,Young Boys,Sui,8.0,1.5,6.0,5.0,7.0,6.0,11.0,8.0,2.5,7.0,,62.0,11.735
56.0,,Real Sociedad,Esp,1.5,,,9.0,,,8.0,9.0,16.0,18.0,,61.5,37.936
57.0,,Red Star Belgrade,Srb,,0.25,1.5,8.0,7.0,6.0,10.0,15.0,4.0,5.0,4.0,60.75,10.005
58.0,,AZ Alkmaar,Ned,,3.0,6.0,,1.5,8.0,6.0,13.0,19.0,4.0,,60.5,18.466
59.0,,PAOK Thessaloniki,Gre,5.0,6.0,8.0,1.5,3.0,2.5,5.0,13.0,1.5,13.0,,58.5,11.105
60.0,,Viktoria Plzen,Cze,1.0,3.0,5.0,13.0,11.0,2.0,2.5,2.5,4.0,14.0,,58.0,12.645
61.0,,Sparta Praha,Cze,7.0,17.0,9.0,1.0,1.5,2.0,4.0,5.0,1.5,9.0,,57.0,12.645
,,CSKA Moscow,Rus,8.0,7.0,7.0,17.0,9.0,4.0,3.0,,,,2.0,57.0,13.836
,,Valencia,Esp,,14.0,,,23.0,17.0,,,,,3.0,57.0,37.936
64.0,,Galatasaray,Tur,5.0,9.0,,0.5,8.0,6.0,2.5,15.0,,8.0,2.0,56.0,14.34
65.0,,Stade Rennais,Fra,,,,,11.0,3.0,5.0,14.0,11.0,10.0,,54.0,24.132
66.0,,Qarabag FK,Azb,5.0,3.0,5.0,6.0,3.0,4.0,3.0,9.0,6.0,9.0,,53.0,7.625
,,Ludogorets Razgrad,Bul,7.0,1.0,8.0,7.0,4.0,6.0,3.0,3.0,5.0,9.0,,53.0,7.525
68.0,,Borussia Mönchengladbach,Ger,9.0,8.0,12.0,,,6.0,15.0,,,,2.0,52.0,30.567
69.0,,Maccabi Tel-Aviv,Isr,1.5,4.0,5.0,3.0,2.5,2.0,8.0,9.0,2.5,12.0,,49.5,9.65
70.0,,FK Krasnodar,Rus,5.0,9.0,8.0,1.5,11.0,6.0,8.0,,,,,48.5,13.836
71.0,,Lille OSC,Fra,4.0,,1.0,,,5.0,8.0,17.0,,12.0,,47.0,24.132
72.0,,Athletic Bilbao,Esp,10.0,17.0,9.0,10.0,,,,,,,,46.0,37.936
73.0,,Leicester City,Eng,,,22.0,,,,10.0,13.0,,,,45.0,37.203
74.0,,Lokomotiv Moscow,Rus,1.5,9.0,,12.0,6.0,6.0,7.0,3.0,,,,44.5,13.836
75.0,,Partizan Belgrade,Srb,2.0,6.0,0.5,7.0,2.5,6.0,2.0,7.0,8.0,2.5,,43.5,10.005
76.0,,Real Betis,Esp,,,,,10.0,,,11.0,16.0,6.0,,43.0,37.936
77.0,,Legia Warsaw,Pol,10.0,3.0,8.0,1.5,2.0,2.5,2.5,4.0,,9.0,,42.5,8.925
78.0,,Racing Genk,Bel,,,16.0,,9.0,5.0,,4.0,,7.0,,41.0,17.18
79.0,,Molde FK,Nor,1.0,10.0,,,2.5,2.5,12.0,2.0,5.0,5.0,,40.0,10.015
,,APOEL Nicosia,Cyp,5.0,2.0,10.0,6.0,2.5,7.0,2.5,,2.5,2.5,,40.0,9.405
81.0,,FC Midtjylland,Den,1.5,7.0,1.5,1.5,2.5,2.0,6.0,7.0,8.0,2.5,,39.5,11.695
,,Istanbul Basaksehir,Tur,,1.0,1.5,6.0,2.0,11.0,6.0,,12.0,,,39.5,14.34
83.0,,LASK,Aut,,,,,2.0,12.0,7.0,15.0,,3.0,,39.0,12.57
84.0,,Ferencváros,Hun,0.5,0.5,1.0,0.5,1.0,6.0,5.0,3.0,12.0,9.0,,38.5,6.475
,,FK Astana,Kaz,1.5,8.0,4.0,8.0,6.0,3.0,1.5,2.0,1.5,3.0,,38.5,6.15
,,Malmö FF,Swe,6.0,6.0,,1.0,7.0,8.0,2.5,5.0,3.0,,,38.5,8.48
87.0,,Osasuna,Esp,,,,,,,,,,2.5,,2.5,37.936
,,Granada CF,Esp,,,,,,,13.0,,,,,13.0,37.936
,,Getafe,Esp,,,,,,11.0,,,,,,11.0,37.936
,,Espanyol,Esp,,,,,,10.0,,,,,,10.0,37.936
,,Celta de Vigo,Esp,,,19.0,,,,,,,,,19.0,37.936
,,Spain,,,,,,,,,,,,,,37.936
92.0,,Slovan Bratislava,Svk,2.0,1.0,0.5,0.5,2.0,3.0,1.5,6.0,12.0,8.0,1.0,37.5,7.05
,,Rapid Wien,Aut,1.5,10.0,5.0,,7.0,,5.0,4.0,2.5,2.5,,37.5,12.57
,,FCSB,Rom,5.0,1.5,5.0,9.0,2.5,2.5,2.0,1.5,2.5,2.0,4.0,37.5,7.465
95.0,,Brighton & Hove Albion,Eng,,,,,,,,,,14.0,,14.0,37.203
,,Aston Villa,Eng,,,,,,,,,,11.0,4.0,15.0,37.203
,,Newcastle United,Eng,,,,,,,,,,8.0,,8.0,37.203
,,Wolverhampton Wanderers,Eng,,,,,,16.0,,,,,,16.0,37.203
,,Burnley FC,Eng,,,,,2.5,,,,,,,2.5,37.203
,,Everton,Eng,14.0,,,3.0,,,,,,,1.0,18.0,37.203
,,Southampton FC,Eng,,1.5,6.0,,,,,,,,,7.5,37.203
,,Hull City,Eng,1.5,,,,,,,,,,,1.5,37.203
,,England,,,,,,,,,,,,,,37.203
103.0,,BATE Borisov,Bls,6.0,8.0,1.5,4.0,8.0,2.5,1.5,1.5,1.5,2.5,,37.0,5.7
104.0,,Sheriff Tiraspol,Mol,1.5,0.25,1.0,7.0,2.5,2.0,2.0,9.0,4.0,3.0,,32.25,4.175
105.0,,Torino,Ita,13.0,,,,,2.5,,,,,,15.5,31.601
,,Sassuolo,Ita,,,4.0,,,,,,,,,4.0,31.601
,,Sampdoria,Ita,,1.0,,,,,,,,,1.0,2.0,31.601
,,Italy,,,,,,,,,,,,,,31.601
108.0,,SC Freiburg,Ger,,,,1.0,,,,,15.0,10.0,,26.0,30.567
,,Union Berlin,Ger,,,,,,,,5.0,12.0,6.0,,23.0,30.567
,,1.FC Köln,Ger,,,,4.0,,,,,6.0,,,10.0,30.567
,,1899 Hoffenheim,Ger,,,,4.0,7.0,,12.0,,,,,23.0,30.567
,,Hertha BSC,Ger,,,1.0,4.0,,,,,,,,5.0,30.567
,,FSV Mainz 05,Ger,1.0,,7.0,,,,,,,,,8.0,30.567
,,FC Augsburg,Ger,,7.0,,,,,,,,,,7.0,30.567
,,Germany,,,,,,,,,,,,,,30.567
115.0,,Spartak Moscow,Rus,,,1.0,11.0,4.0,2.5,,12.0,,,,30.5,13.836
116.0,,Zorya Luhansk,Ukr,1.5,1.5,2.0,4.0,2.5,2.5,4.0,5.0,2.0,5.0,,30.0,13.34
,,CFR Cluj,Rom,1.0,,,,2.5,10.0,4.0,3.0,8.0,1.5,,30.0,7.465
118.0,,Hapoel Beer-Sheva,Isr,0.5,0.5,6.0,3.0,2.0,2.5,4.0,2.5,6.0,2.0,,29.0,9.65
119.0,,Bodø/Glimt,Nor,,,,,,,2.0,15.0,3.0,8.0,,28.0,10.015
,,NK Maribor,Slo,7.0,1.0,1.5,7.0,2.0,2.5,1.0,1.5,2.5,2.0,,28.0,5.65
121.0,,Lech Poznan,Pol,1.0,4.0,,1.0,2.0,,3.0,,14.0,2.0,,27.0,8.925
,,OGC Nice,Fra,,,4.0,6.0,,,3.0,,14.0,,,27.0,24.132
,,AS Saint-Étienne,Fra,5.0,9.0,9.0,,,4.0,,,,,,27.0,24.132
124.0,,Standard Liège,Bel,3.0,1.5,6.0,,7.0,6.0,3.0,,,,,26.5,17.18
125.0,,NK Rijeka,Cro,5.0,0.5,1.0,5.0,2.0,2.5,3.0,2.5,1.5,2.5,,25.5,10.33
126.0,,Union Saint-Gilloise,Bel,,,,,,,,,19.0,6.0,,25.0,17.18
127.0,,RC Lens,Fra,,,,,,,,,,10.0,,10.0,24.132
,,Toulouse FC,Fra,,,,,,,,,,10.0,,10.0,24.132
,,FC Nantes,Fra,,,,,,,,,8.0,,,8.0,24.132
,,Stade de Reims,Fra,,,,,,,2.0,,,,,2.0,24.132
,,RC Strasbourg,Fra,,,,,,2.5,,,,,,2.5,24.132
,,Girondins Bordeaux,Fra,,4.0,,1.0,5.0,,,,,,,10.0,24.132
,,En Avant Guingamp,Fra,9.0,,,,,,,,,,,9.0,24.132
,,France,,,,,,,,,,,,,,24.132
134.0,,AEK Athens,Gre,,,1.0,9.0,4.0,2.5,3.0,1.5,,3.0,,24.0,11.105
,,Dnipro Dnipropetrovsk,Ukr,19.0,5.0,,,,,,,,,,24.0,13.34
136.0,,Royal Antwerp,Bel,,,,,,2.5,8.0,4.0,2.5,6.0,,23.0,17.18
,,Apollon Limassol,Cyp,2.0,1.0,1.0,3.0,5.0,2.5,2.0,1.5,5.0,,,23.0,9.405
138.0,,Rosenborg BK,Nor,1.0,2.0,1.5,4.0,3.0,3.0,2.5,2.5,,2.0,,21.5,10.015
139.0,,FC Zürich,Sui,5.0,1.0,5.0,,7.0,,,,3.0,,,21.0,11.735
140.0,,HJK Helsinki,Fin,4.0,1.5,1.0,0.5,2.0,2.0,,4.0,3.0,2.5,,20.5,3.68
141.0,,FC Arouca,Por,,,1.5,,,,,,,2.0,,3.5,20.276
,,Vitória Guimarães,Por,,1.0,,4.0,,4.0,,,2.0,1.5,,12.5,20.276
,,Gil Vicente,Por,,,,,,,,,2.5,,,2.5,20.276
,,CD Santa Clara,Por,,,,,,,,2.5,,,,2.5,20.276
,,Paços de Ferreira,Por,,,,,,,,2.5,,,,2.5,20.276
,,Rio Ave,Por,3.0,,1.0,,1.5,,2.5,,,,,8.0,20.276
,,Maritimo Funchal,Por,,,,1.5,,,,,,,,1.5,20.276
,,CF Os Belenenses,Por,,4.0,,,,,,,,,,4.0,20.276
,,Estoril Praia,Por,4.0,,,,,,,,,,,4.0,20.276
,,Nacional Funchal,Por,1.5,,,,,,,,,,,1.5,20.276
,,Portugal,,,,,,,,,,,,,,20.276
151.0,,Trabzonspor,Tur,7.0,1.0,,,,3.0,,2.5,6.0,,,19.5,14.34
152.0,,FC Twente Enschede,Ned,1.5,,,,,,,,2.5,2.5,,6.5,18.466
,,Vitesse Arnhem,Ned,,1.0,,4.0,2.0,,,9.0,,,,16.0,18.466
,,Willem II Tilburg,Ned,,,,,,,2.0,,,,,2.0,18.466
,,FC Utrecht,Ned,,,,1.5,,1.5,,,,,,3.0,18.466
,,Heracles Almelo,Ned,,,1.0,,,,,,,,,1.0,18.466
,,FC Groningen,Ned,0.5,2.0,,,,,,,,,,2.5,18.466
,,Go Ahead Eagles,Ned,,0.25,,,,,,,,,,0.25,18.466
,,PEC Zwolle,Ned,1.5,,,,,,,,,,,1.5,18.466
,,Netherlands,,,,,,,,,,,,,,18.466
160.0,,Aberdeen,Sco,1.0,1.0,1.0,1.0,1.5,2.0,2.0,2.5,,5.0,1.0,18.0,11.595
,,Djurgårdens IF,Swe,,,,,1.5,,2.0,,13.0,1.5,,18.0,8.48
162.0,,Maccabi Haifa,Isr,,,0.5,,,1.5,2.5,3.0,6.0,4.0,,17.5,9.65
,,Sturm Graz,Aut,,1.0,,1.0,2.0,1.5,,3.0,6.0,3.0,,17.5,12.57
,,Zalgiris Vilnius,Lit,1.0,1.0,1.0,1.0,2.0,1.0,1.5,2.5,4.0,2.5,,17.5,3.05
,,Dinamo Moscow,Rus,16.0,,,,,,1.5,,,,,17.5,13.836
166.0,,Charleroi,Bel,,1.0,,,,,2.5,,,,,3.5,17.18
,,Zulte Waregem,Bel,1.0,,,5.0,,,,,,,,6.0,17.18
,,KV Oostende,Bel,,,,1.0,,,,,,,,1.0,17.18
,,KSC Lokeren,Bel,7.0,,,,,,,,,,,7.0,17.18
,,Belgium,,,,,,,,,,,,,,17.18
170.0,,Hajduk Split,Cro,1.5,1.5,1.5,1.5,2.0,1.0,2.0,1.5,2.5,2.0,,17.0,10.33
171.0,,Spartak Trnava,Svk,1.5,1.0,1.0,,5.0,1.5,,2.0,2.0,2.5,,16.5,7.05
,,Sivasspor,Tur,,,,,,,4.0,2.5,10.0,,,16.5,14.34
,,FC Fehérvár,Hun,,1.5,1.0,1.5,5.0,1.5,2.5,1.0,2.5,,,16.5,6.475
174.0,,AEK Larnaca,Cyp,,1.0,1.5,1.5,4.0,2.0,,,4.0,2.0,,16.0,9.405
,,Austria Wien,Aut,,,4.0,4.0,,2.0,,1.5,2.5,2.0,,16.0,12.57
176.0,,Dundalk,Irl,0.5,1.0,3.0,1.0,1.5,2.0,3.0,2.0,,1.5,,15.5,3.665
,,FK Rostov,Rus,1.5,,12.0,,,,2.0,,,,,15.5,13.836
178.0,,Omonia Nicosia,Cyp,1.5,1.0,0.5,,,,3.0,4.0,3.0,2.0,,15.0,9.405
,,CSKA Sofia,Bul,0.5,,,,2.0,2.0,4.0,2.5,2.5,1.5,,15.0,7.525
180.0,,Zrinjski Mostar,Bos,1.0,0.25,1.0,1.0,2.0,2.0,2.0,,2.5,3.0,,14.75,3.425
,,F91 Dudelange,Lux,1.0,0.25,1.0,1.0,3.0,3.0,,1.5,2.5,1.5,,14.75,2.825
182.0,,The New Saints,Wal,1.0,1.0,1.0,1.0,2.0,2.0,1.5,2.0,1.5,1.5,,14.5,1.983
,,Wolfsberger AC,Aut,,1.0,,,,4.0,7.0,,2.5,,,14.5,12.57
,,Brøndby IF,Den,1.0,1.5,1.5,1.0,2.5,2.0,,3.0,2.0,,,14.5,11.695
185.0,,Adana Demirspor,Tur,,,,,,,,,,2.5,,2.5,14.34
,,Konyaspor,Tur,,,2.0,5.0,,,,,2.0,,,9.0,14.34
,,Alanyaspor,Tur,,,,,,,2.0,,,,,2.0,14.34
,,Yeni Malatyaspor,Tur,,,,,,2.0,,,,,,2.0,14.34
,,Akhisarspor,Tur,,,,,3.0,,,,,,,3.0,14.34
,,Osmanlispor,Tur,,,8.0,,,,,,,,,8.0,14.34
,,Karabükspor,Tur,1.5,,,,,,,,,,,1.5,14.34
,,Bursaspor,Tur,0.5,,,,,,,,,,,0.5,14.34
,,Turkey,,,,,,,,,,,,,,14.34
193.0,,Olimpija Ljubljana,Slo,,,1.0,0.25,2.5,1.5,1.5,2.0,1.5,4.0,,14.25,5.65
194.0,,FC Lugano,Sui,,,,6.0,,3.0,,,2.0,3.0,,14.0,11.735
,,Shkendija Tetovo,Mac,0.25,0.25,1.5,1.5,2.5,1.5,2.0,1.5,2.0,1.0,,14.0,2.8
,,Slovan Liberec,Cze,1.0,5.0,3.0,,,,5.0,,,,,14.0,12.645
197.0,,Rubin Kazan,Rus,,5.0,,,,,,2.0,,,,7.0,13.836
,,FC Sochi,Rus,,,,,,,,2.0,,,,2.0,13.836
,,Arsenal Tula,Rus,,,,,,1.5,,,,,,1.5,13.836
,,FC Ufa,Rus,,,,,2.5,,,,,,,2.5,13.836
,,Russia,,,,,,,,,,,,,,13.836
201.0,,Flora Tallinn,Est,,0.25,0.5,0.25,1.5,1.5,2.5,4.0,1.0,2.0,,13.5,2.441
,,Dinamo Minsk,Bls,3.0,2.0,1.0,1.0,2.0,1.0,1.0,,1.5,1.0,,13.5,5.7
,,FK Jablonec,Cze,,1.5,,,4.0,1.5,1.5,5.0,,,,13.5,12.645
204.0,,SC Dnipro-1,Ukr,,,,,,,,,8.0,2.5,,10.5,13.34
,,Vorskla Poltava,Ukr,,1.0,1.0,,3.0,,,1.5,1.5,1.5,,9.5,13.34
,,Kolos Kovalivka,Ukr,,,,,,,2.0,2.0,,,,4.0,13.34
,,Desna Chernihiv,Ukr,,,,,,,2.0,,,,,2.0,13.34
,,FC Oleksandriya,Ukr,,,1.0,1.5,,3.0,,,,,,5.5,13.34
,,FC Mariupol,Ukr,,,,,2.0,2.0,,,,,,4.0,13.34
,,Olimpik Donetsk,Ukr,,,,1.0,,,,,,,,1.0,13.34
,,Metalist Kharkiv,Ukr,2.0,,,,,,,,,,,2.0,13.34
,,Chernomorets Odesa,Ukr,1.0,,,,,,,,,,,1.0,13.34
,,Ukraine,,,,,,,,,,,,,,13.34
213.0,,Neftchi Baku,Azb,1.5,0.25,0.5,,1.0,2.0,1.5,2.5,2.0,2.0,,13.25,7.625
,,Lincoln Red Imps,Gib,0.5,1.0,1.0,0.25,1.5,1.5,1.5,2.5,1.5,2.0,,13.25,1.791
215.0,,Dinamo Tbilisi,Geo,1.0,0.25,1.5,,1.0,2.0,2.0,1.5,1.0,1.5,1.0,12.75,2.475
216.0,,Bohemians Praha,Cze,,,,,,,,,,1.5,,1.5,12.645
,,1.FC Slovácko,Cze,,,,,,,,1.5,4.0,,,5.5,12.645
,,Mladá Boleslav,Cze,1.0,0.5,1.0,1.0,,2.0,,,,,,5.5,12.645
,,Sigma Olomouc,Cze,,,,,2.5,,,,,,,2.5,12.645
,,FC Zlin,Cze,,,,2.0,,,,,,,,2.0,12.645
,,Czech Republic,,,,,,,,,,,,,,12.645
221.0,,TSV Hartberg,Aut,,,,,,,1.5,,,,,1.5,12.57
,,Admira Wacker,Aut,,,1.0,,1.5,,,,,,,2.5,12.57
,,SCR Altach,Aut,,1.5,,1.5,,,,,,,,3.0,12.57
,,St. Pölten,Aut,1.0,,,,,,,,,,,1.0,12.57
,,SV Grödig,Aut,1.0,,,,,,,,,,,1.0,12.57
,,Austria,,,,,,,,,,,,,,12.57
226.0,,Astra Giurgiu,Rom,3.0,1.5,7.0,1.0,,,,,,,,12.5,7.465
227.0,,Linfield Belfast,Nir,0.5,0.5,0.25,1.0,,2.5,1.5,2.0,2.5,1.5,,12.25,2.616
228.0,,Panathinaikos,Gre,2.0,1.5,2.0,1.5,,,,,2.0,3.0,,12.0,11.105
,,Riga FC,Lat,,,,,1.0,2.5,2.0,2.5,2.0,2.0,,12.0,3.25
,,Alashkert FC,Arm,,0.5,1.0,1.0,2.0,1.5,1.0,2.5,1.0,1.5,,12.0,3.175
,,FC Vaduz,Lie,0.5,1.0,0.5,0.5,1.5,2.0,1.0,1.5,2.5,1.0,,12.0,4.7
,,Kairat Almaty,Kaz,0.5,1.5,0.5,0.5,2.0,1.5,1.5,2.5,1.5,,,12.0,6.15
233.0,,Pyunik Yerevan,Arm,0.25,1.0,0.25,0.25,2.0,2.0,,,4.0,2.0,,11.75,3.175
,,Shamrock Rovers,Irl,,0.5,0.25,0.5,1.0,1.5,1.5,2.5,2.5,1.5,,11.75,3.665
,,Suduva Marijampole,Lit,,,0.25,1.5,2.5,2.5,2.0,1.5,1.5,,,11.75,3.05
236.0,,Servette FC Genève,Sui,,,,,,,1.5,1.5,,4.0,,7.0,11.735
,,FC Luzern,Sui,0.5,,1.0,0.5,2.0,2.0,,2.0,,2.0,,10.0,11.735
,,FC Sankt Gallen,Sui,,,,,1.5,,2.0,,,,,3.5,11.735
,,FC Thun,Sui,,1.5,,,,2.0,,,,,,3.5,11.735
,,FC Sion,Sui,,8.0,,1.0,,,,,,,,9.0,11.735
,,Grasshoppers Zürich,Sui,1.5,,1.5,,,,,,,,,3.0,11.735
,,Switzerland,,,,,,,,,,,,,,11.735
242.0,,FC Nordsjælland,Den,,,,,2.0,,,,,7.0,,9.0,11.695
,,AGF Aarhus,Den,,,,,,,1.5,1.5,,1.5,,4.5,11.695
,,Silkeborg IF,Den,,,,,,,,,4.0,,,4.0,11.695
,,Viborg FF,Den,,,,,,,,,2.5,,,2.5,11.695
,,Randers FC,Den,,0.5,,,,,,7.0,,,,7.5,11.695
,,SønderjyskE,Den,,,1.5,,,,2.0,,,,,3.5,11.695
,,Esbjerg fB,Den,1.0,,,,,1.5,,,,,,2.5,11.695
,,Lyngby BK,Den,,,,1.0,,,,,,,,1.0,11.695
,,AaB Aalborg,Den,6.0,,,,,,,,,,,6.0,11.695
,,Denmark,,,,,,,,,,,,,,11.695
251.0,,Hearts FC,Sco,,,0.5,,,,,,4.0,2.5,,7.0,11.595
,,Hibernian,Sco,,,0.5,,2.0,,,2.0,,2.5,,7.0,11.595
,,Dundee United,Sco,,,,,,,,,2.0,,,2.0,11.595
,,Motherwell,Sco,0.5,,,,,,2.0,,1.5,,,4.0,11.595
,,St. Johnstone,Sco,1.0,0.25,,0.25,,,,2.5,,,,4.0,11.595
,,Kilmarnock,Sco,,,,,,1.0,,,,,,1.0,11.595
,,Inverness CT,Sco,,0.5,,,,,,,,,,0.5,11.595
,,Scotland,,,,,,,,,,,,,,11.595
258.0,,NK Osijek,Cro,,,,1.5,1.5,1.5,1.5,2.0,1.5,2.0,,11.5,10.33
259.0,,KI Klaksvik,Far,,,,0.25,1.0,1.5,2.5,1.0,2.0,3.0,,11.25,2.875
,,Buducnost Podgorica,Mon,0.5,0.25,0.5,1.0,1.0,1.5,2.0,1.5,1.5,1.5,,11.25,1.966
261.0,,Aris Thessaloniki,Gre,,,,,,2.0,1.5,1.5,2.0,2.0,,9.0,11.105
,,OFI Heraklion,Gre,,,,,,,1.5,,,,,1.5,11.105
,,Atromitos FC,Gre,1.0,1.5,,,1.5,2.0,,,,,,6.0,11.105
,,Asteras Tripolis,Gre,5.0,3.0,,,1.5,,,,,,,9.5,11.105
,,Panionios,Gre,,,,1.0,,,,,,,,1.0,11.105
,,PAS Giannina,Gre,,,1.0,,,,,,,,,1.0,11.105
,,Greece,,,,,,,,,,,,,,11.105
267.0,,KuPS Kuopio,Fin,,,,,1.0,1.5,2.5,2.5,2.0,1.5,,11.0,3.68
268.0,,Gabala FK,Azb,0.25,2.0,2.0,1.0,1.0,1.5,,,1.5,1.5,,10.75,7.625
,,FK Sarajevo,Bos,1.5,1.0,,0.25,1.5,2.0,2.5,1.0,,1.0,,10.75,3.425
,,Shakhtior Saligorsk,Bls,1.5,0.5,0.5,0.25,1.5,2.0,1.0,1.5,2.0,,,10.75,5.7
271.0,,Sutjeska Niksic,Mon,1.0,0.25,,0.25,1.5,2.0,1.0,1.5,1.5,1.5,,10.5,1.966
,,AIK Stockholm,Swe,1.0,1.0,1.0,1.0,1.5,2.5,,,2.5,,,10.5,8.48
273.0,,Lokomotiva Zagreb,Cro,,0.5,1.5,,,,2.0,,,,,4.0,10.33
,,RNK Split,Cro,1.5,,,,,,,,,,,1.5,10.33
,,Croatia,,,,,,,,,,,,,,10.33
275.0,,SK Brann Bergen,Nor,,,,0.5,,1.0,,,,2.5,,4.0,10.015
,,Viking Stavanger,Nor,,,,,,,1.5,,2.5,,,4.0,10.015
,,Lillestrøm SK,Nor,,,,,1.5,,,,2.0,,,3.5,10.015
,,Vålerengens IF,Nor,,,,,,,,1.5,,,,1.5,10.015
,,FK Haugesund,Nor,0.5,,,0.5,,2.0,,,,,,3.0,10.015
,,Sarpsborg 08,Nor,,,,,4.0,,,,,,,4.0,10.015
,,Odd Grenland,Nor,,1.5,0.5,1.0,,,,,,,,3.0,10.015
,,Strømsgodset IF,Nor,1.0,1.0,0.5,,,,,,,,,2.5,10.015
,,Stabæk IF,Nor,,,0.25,,,,,,,,,0.25,10.015
,,Tromsø IL,Nor,0.5,,,,,,,,,,,0.5,10.015
,,Norway,,,,,,,,,,,,,,10.015
285.0,,TSC Backa Topola,Srb,,,,,,,1.5,,,3.0,,4.5,10.005
,,Cukaricki Belgrade,Srb,0.5,0.5,0.5,,,1.5,,2.0,2.0,2.5,,9.5,10.005
,,Vojvodina Novi Sad,Srb,0.5,1.5,1.5,0.25,,,2.0,2.0,,1.5,,9.25,10.005
,,Radnicki Nis,Srb,,,,,1.5,1.0,,,1.5,,,4.0,10.005
,,Spartak Subotica,Srb,,,,,2.0,,,,,,,2.0,10.005
,,Mladost Lucani,Srb,,,,0.25,,,,,,,,0.25,10.005
,,FK Jagodina,Srb,0.5,,,,,,,,,,,0.5,10.005
,,Serbia,,,,,,,,,,,,,,10.005
292.0,,B36 Torshavn,Far,0.25,0.5,0.5,0.25,1.5,1.0,2.0,,2.0,2.0,,10.0,2.875
,,Universitatea Craiova,Rom,,,,1.0,2.0,2.0,1.0,1.5,2.5,,,10.0,7.465
,,CS Fola Esch,Lux,0.25,1.0,0.25,1.0,1.5,1.0,1.5,2.5,1.0,,,10.0,2.825
,,Östersunds FK,Swe,,,,10.0,,,,,,,,10.0,8.48
296.0,,Beitar Jerusalem,Isr,,0.5,1.5,0.5,1.0,,1.0,,,1.5,,6.0,9.65
,,Maccabi Netanya,Isr,,,,,,,,,1.5,,,1.5,9.65
,,MS Ashdod,Isr,,,,,,,,1.5,,,,1.5,9.65
,,Bnei Yehuda,Isr,,,,1.0,,2.5,,,,,,3.5,9.65
,,Hapoel Haifa,Isr,,,,,2.0,,,,,,,2.0,9.65
,,Hapoel Kiryat Shmona,Isr,1.0,1.0,,,,,,,,,,2.0,9.65
,,Hapoel Tel-Aviv,Isr,0.5,,,,,,,,,,,0.5,9.65
,,Israel,,,,,,,,,,,,,,9.65
303.0,,Partizani Tirana,Alb,,0.25,1.5,0.25,1.0,1.5,,1.5,1.0,2.5,,9.5,2.975
,,FC Santa Coloma,And,1.0,0.5,0.5,0.5,1.5,1.5,0.5,1.5,,2.0,,9.5,1.565
,,DAC Dunajska Streda,Svk,,,,,1.5,1.5,2.0,1.5,2.0,1.0,,9.5,7.05
306.0,,Aris Limassol,Cyp,,,,,,,,,1.5,3.0,,4.5,9.405
,,Anorthosis Famagusta,Cyp,,,,,1.0,,2.0,5.0,,,,8.0,9.405
,,AEL Limassol,Cyp,1.5,,,1.0,,1.5,,2.0,,,,6.0,9.405
,,Ermis Aradippou,Cyp,1.0,,,,,,,,,,,1.0,9.405
,,Cyprus,,,,,,,,,,,,,,9.405
310.0,,Levadia Tallinn,Est,1.0,0.5,0.5,0.25,1.0,1.0,1.0,1.5,1.5,1.0,,9.25,2.441
311.0,,Tobol Kustanai,Kaz,,,,,1.5,1.0,,2.0,2.0,2.5,,9.0,6.15
,,Hibernians FC,Mlt,0.25,1.0,0.25,1.0,,1.0,1.5,2.0,2.0,,,9.0,2.675
313.0,,Raków Czestochowa,Pol,,,,,,,,2.5,2.5,3.0,,8.0,8.925
,,Pogon Szczecin,Pol,,,,,,,,1.5,1.5,2.0,,5.0,8.925
,,Lechia Gdansk,Pol,,,,,,1.5,,,1.5,,,3.0,8.925
,,Slask Wroclaw,Pol,,0.5,,,,,,2.0,,,,2.5,8.925
,,Piast Gliwice,Pol,,,0.5,,,1.5,2.0,,,,,4.0,8.925
,,Cracovia Kraków,Pol,,,0.25,,,1.0,1.0,,,,,2.25,8.925
,,Jagiellonia Bialystok,Pol,,0.5,,0.5,2.0,,,,,,,3.0,8.925
,,Górnik Zabrze,Pol,,,,,1.5,,,,,,,1.5,8.925
,,Arka Gdynia,Pol,,,,1.0,,,,,,,,1.0,8.925
,,Zaglebie Lubin,Pol,,,1.0,,,,,,,,,1.0,8.925
,,Ruch Chorzow,Pol,1.5,,,,,,,,,,,1.5,8.925
,,Zawisza Bydgoszcz,Pol,0.5,,,,,,,,,,,0.5,8.925
,,Poland,,,,,,,,,,,,,,8.925
325.0,,Breidablik,Isl,,,0.25,,,1.0,1.0,2.0,2.0,2.5,,8.75,3.366
,,Crusaders Belfast,Nir,0.5,1.0,1.0,0.25,1.5,1.5,,,1.5,1.5,,8.75,2.616
,,NK Domzale,Slo,,0.25,1.0,1.5,1.5,1.5,,2.0,,1.0,,8.75,5.65
328.0,,FK Shkupi,Mac,,,,,1.0,1.0,1.0,1.5,2.5,1.5,,8.5,2.8
329.0,,BK Häcken,Swe,,,0.5,,1.5,1.5,,1.5,,3.0,,8.0,8.48
,,Hammarby IF,Swe,,,,,,,1.5,2.5,,1.5,,5.5,8.48
,,Kalmar FF,Swe,,,,,,,,,,1.5,,1.5,8.48
,,IF Elfsborg,Swe,1.5,1.0,,,,,,2.5,1.5,,,6.5,8.48
,,IFK Göteborg,Swe,1.0,1.0,1.5,,,,1.5,,,,2.0,7.0,8.48
,,IFK Norrköping,Swe,,,1.0,0.5,,2.0,,,,,,3.5,8.48
,,IF Brommapojkarna,Swe,1.0,,,,,,,,,,,1.0,8.48
,,Sweden,,,,,,,,,,,,,,8.48
336.0,,KF Laçi,Alb,0.5,0.25,,,1.5,1.0,1.5,2.0,1.5,,,8.25,2.975
337.0,,Levski Sofia,Bul,,,0.5,0.5,1.0,1.5,,,2.0,2.5,,8.0,7.525
,,Farul Constanta,Rom,,,1.0,1.5,1.5,1.5,,,,2.5,,8.0,7.465
,,Gzira United,Mlt,,,,,1.0,1.5,,1.5,2.0,2.0,,8.0,2.675
,,RFS Riga,Lat,,,,,,1.0,1.0,2.0,2.5,1.5,,8.0,3.25
,,Petrocub Hîncesti,Mol,,,,,1.0,1.0,1.0,1.5,2.0,1.5,,8.0,4.175
,,FC Drita,Kos,,,,,1.5,,2.0,1.5,1.5,1.5,,8.0,2.808
,,Ararat-Armenia,Arm,,,,,,2.5,2.5,,1.5,1.5,,8.0,3.175
,,FH Hafnarfjardar,Isl,1.0,0.5,1.0,1.5,1.5,,1.0,1.5,,,,8.0,3.366
345.0,,Milsami Orhei,Mol,,1.5,,0.25,1.0,1.0,,1.5,1.5,1.0,,7.75,4.175
,,FK Ventspils,Lat,1.0,1.0,0.5,0.25,1.5,2.0,1.5,,,,,7.75,3.25
347.0,,Sabah FK,Azb,,,,,,,,,,2.0,,2.0,7.625
,,Zira FK,Azb,,,,0.5,,,,,1.5,,,2.0,7.625
,,Kesla FK,Azb,0.5,1.0,,0.5,1.0,,1.0,1.5,,,,5.5,7.625
,,Sumgayit FK,Azb,,,,,,,1.0,1.5,,,,2.5,7.625
,,Sabail FK,Azb,,,,,,1.0,,,,,,1.0,7.625
,,Kapaz Ganja,Azb,,,0.5,,,,,,,,,0.5,7.625
,,Azerbaijan,,,,,,,,,,,,,,7.625
353.0,,CSKA 1948 Sofia,Bul,,,,,,,,,,1.5,,1.5,7.525
,,Botev Plovdiv,Bul,0.5,,,1.0,,,,,1.5,,,3.0,7.525
,,Lokomotiv Plovdiv,Bul,,,,,,2.0,1.5,2.0,,,,5.5,7.525
,,Arda Kardzhali,Bul,,,,,,,,1.5,,,,1.5,7.525
,,Slavia Sofia,Bul,,,0.25,,1.5,,1.0,,,,,2.75,7.525
,,Dunav Ruse,Bul,,,,0.25,,,,,,,,0.25,7.525
,,FC Beroe Stara Zagora,Bul,,0.5,0.5,,,,,,,,,1.0,7.525
,,Cherno More Varna,Bul,,0.5,,,,,,,,,,0.5,7.525
,,Litex Lovech,Bul,0.5,0.25,,,,,,,,,,0.75,7.525
,,Bulgaria,,,,,,,,,,,,,,7.525
362.0,,MSK Zilina,Svk,,1.5,,1.0,,,1.0,2.5,,1.5,,7.5,7.05
,,La Fiorita,Sma,0.5,0.25,0.25,0.5,1.5,0.5,0.5,1.0,1.5,1.0,,7.5,0.499
,,HB Torshavn,Far,1.0,0.25,0.25,,,1.5,0.5,2.0,1.0,1.0,,7.5,2.875
,,Europa FC,Gib,0.25,0.25,0.5,0.5,0.5,1.0,1.5,1.0,1.0,1.0,,7.5,1.791
366.0,,Sepsi OSK,Rom,,,,,,,,1.5,2.0,2.5,,6.0,7.465
,,FC Botosani,Rom,,0.5,,,,,1.5,,,,,2.0,7.465
,,Dinamo Bucuresti,Rom,,,,1.0,,,,,,,,1.0,7.465
,,Pandurii Târgu Jiu,Rom,,,1.0,,,,,,,,,1.0,7.465
,,CSMS Iasi,Rom,,,0.5,,,,,,,,,0.5,7.465
,,ASA Tirgu Mures,Rom,,1.0,,,,,,,,,,1.0,7.465
,,Petrolul Ploiesti,Rom,1.5,,,,,,,,,,,1.5,7.465
,,Romania,,,,,,,,,,,,,,7.465
373.0,,Progrès Niederkorn,Lux,,0.25,,0.5,2.0,1.5,1.5,,,1.5,,7.25,2.825
,,Connah's Quay,Wal,,,0.5,0.25,1.0,1.5,1.5,1.5,,1.0,,7.25,1.983
,,FK Kukësi,Alb,0.25,1.0,0.5,1.0,2.0,1.0,1.5,,,,,7.25,2.975
,,Valletta FC,Mlt,1.0,0.25,1.0,0.5,1.5,2.0,1.0,,,,,7.25,2.675
377.0,,MFK Ruzomberok,Svk,,,,1.0,,1.0,1.0,,1.5,,,4.5,7.05
,,AS Trencín,Svk,1.0,1.0,1.5,0.5,2.5,,,,,,,6.5,7.05
,,Spartak Myjava,Svk,,,0.25,,,,,,,,,0.25,7.05
,,MFK Kosice,Svk,0.5,,,,,,,,,,,0.5,7.05
,,Slovakia,,,,,,,,,,,,,,7.05
381.0,,Mura Murska Sobota,Slo,,,,,,1.0,2.0,2.5,1.5,,,7.0,5.65
,,FK Liepaja,Lat,,,1.0,0.5,1.0,1.5,,1.5,1.5,,,7.0,3.25
,,Skënderbeu Korçë,Alb,1.0,2.0,,4.0,,,,,,,,7.0,2.975
384.0,,Stjarnan FC,Isl,1.5,1.0,,0.25,1.5,1.5,,1.0,,,,6.75,3.366
385.0,,DVSC Debrecen,Hun,1.5,1.0,0.5,,,1.5,,,,2.0,,6.5,6.475
,,Víkingur,Far,1.0,0.25,0.25,1.0,1.5,,,,1.5,1.0,,6.5,2.875
,,Dynamo Brest,Bls,,,,0.5,2.0,,2.5,1.5,,,,6.5,5.7
,,Kalju Nomme,Est,0.5,0.5,1.0,0.5,1.0,2.0,1.0,,,,,6.5,2.441
389.0,,Kecskeméti TE,Hun,,,,,,,,,,1.5,,1.5,6.475
,,Zalaegerszegi TE,Hun,,,,,,,,,,1.5,,1.5,6.475
,,Kisvárda FC,Hun,,,,,,,,,2.0,,,2.0,6.475
,,Puskás Akadémia,Hun,,,,,,,1.0,1.5,1.5,,,4.0,6.475
,,Újpest TE,Hun,,,,,1.5,,,2.0,,,,3.5,6.475
,,Honvéd Budapest,Hun,,,,1.0,1.5,1.5,1.5,,,,,5.5,6.475
,,Vasas Budapest,Hun,,,,0.25,,,,,,,,0.25,6.475
,,MTK Budapest,Hun,,0.25,0.5,,,,,,,,,0.75,6.475
,,Diósgyöri Miskolc,Hun,1.0,,,,,,,,,,,1.0,6.475
,,ETO Györ,Hun,0.5,,,,,,,,,,,0.5,6.475
,,Hungary,,,,,,,,,,,,,,6.475
399.0,,Tre Penne,Sma,,,0.5,0.25,,1.5,0.5,1.0,1.0,1.5,,6.25,0.499
400.0,,FK Aktobe,Kaz,1.5,0.25,0.25,,,,,,,2.0,,4.0,6.15
,,Ordabasy Shymkent,Kaz,,0.25,0.25,0.25,,1.5,1.0,,,1.5,,4.75,6.15
,,FK Kyzylzhar,Kaz,,,,,,,,,2.0,,,2.0,6.15
,,Shakhtyor Karaganda,Kaz,1.0,,,,,,,2.5,,,,3.5,6.15
,,Kaysar Kyzylorda,Kaz,,,,,,,1.5,,,,,1.5,6.15
,,Irtysh Pavlodar,Kaz,,,,0.5,1.0,,,,,,,1.5,6.15
,,Kazakhstan,,,,,,,,,,,,,,6.15
406.0,,FC Ballkani,Kos,,,,,,,,,3.0,3.0,,6.0,2.808
,,Inter Club d'Escaldes,And,,,,,,,1.5,1.5,1.5,1.5,,6.0,1.565
,,Kauno Zalgiris,Lit,,,,,,1.0,1.0,1.5,1.0,1.5,,6.0,3.05
,,Zeljeznicar Sarajevo,Bos,0.5,1.0,,0.5,1.5,,1.0,,,1.5,,6.0,3.425
,,Dinamo Batumi,Geo,,0.25,,0.25,,,1.0,2.0,1.5,1.0,,6.0,2.475
,,KR Reykjavik,Isl,1.0,0.5,0.5,0.5,,1.0,1.5,,1.0,,,6.0,3.366
412.0,,Derry City,Irl,0.5,,,0.25,1.0,,1.0,,1.0,2.0,,5.75,3.665
,,KF Tirana,Alb,,,,0.25,,,2.5,,1.5,1.5,,5.75,2.975
,,St. Patrick's Athletic,Irl,1.0,0.25,0.5,,,1.0,,,2.0,1.0,,5.75,3.665
,,Valur Reykjavik,Isl,,,0.25,0.5,2.0,1.5,,1.5,,,,5.75,3.366
,,FK Riteriai,Lit,,0.5,0.25,1.0,1.5,1.0,1.5,,,,,5.75,3.05
417.0,,Neman Grodno,Bls,0.5,,,,,,,,,2.0,,2.5,5.7
,,Torpedo Zhodino,Bls,,0.25,1.0,,,,,1.5,,1.5,,4.25,5.7
,,FC Gomel,Bls,,,,,,,,,1.5,,,1.5,5.7
,,FC Vitebsk,Bls,,,,,,1.0,,,,,,1.0,5.7
,,Belarus,,,,,,,,,,,,,,5.7
421.0,,NK Celje,Slo,,0.25,,,,,2.0,,,2.5,,4.75,5.65
,,NK Koper,Slo,0.5,0.5,,,,,,,1.5,,,2.5,5.65
,,Rudar Velenje,Slo,0.25,,,,1.5,,,,,,,1.75,5.65
,,Nova Gorica,Slo,0.5,,0.25,0.5,,,,,,,,1.25,5.65
,,Slovenia,,,,,,,,,,,,,,5.65
425.0,,Valmieras FK,Lat,,,,,,,1.0,1.0,1.5,2.0,,5.5,3.25
,,FK Borac Banja Luka,Bos,,,,,,,1.5,1.5,1.0,1.5,,5.5,3.425
427.0,,Dila Gori,Geo,,1.0,0.25,,,,,1.0,1.0,2.0,,5.25,2.475
,,Urartu FC,Arm,0.5,,0.25,,1.0,1.0,,1.0,,1.5,,5.25,3.175
,,Torpedo Kutaisi,Geo,,,,0.25,2.5,1.0,,,,1.5,,5.25,2.475
430.0,,Paide Linnameeskond,Est,,,,,,,1.0,1.0,2.0,1.0,,5.0,2.441
,,Vardar Skopje,Mac,,1.0,1.0,2.0,1.0,,,,,,,5.0,2.8
432.0,,Differdange 03,Lux,0.25,0.5,0.25,0.25,,,1.0,,1.0,1.5,,4.75,2.825
,,Balzan FC,Mlt,,0.25,0.25,0.25,1.5,1.0,,,,1.5,,4.75,2.675
,,Birkirkara,Mlt,0.25,0.5,1.0,,0.5,,,1.5,,1.0,,4.75,2.675
,,St Joseph's FC,Gib,,,,0.25,0.5,1.0,0.5,1.0,1.5,,,4.75,1.791
,,Bala Town,Wal,,0.25,0.25,0.25,0.5,,1.5,1.0,1.0,,,4.75,1.983
,,Teuta Durrës,Alb,,,0.25,,,1.0,1.5,2.0,,,,4.75,2.975
,,Cork City,Irl,,0.25,1.0,0.5,2.0,1.0,,,,,,4.75,3.665
,,Liechtenstein,,,,,,,,,,,,,,4.7
439.0,,Hamrun Spartans,Mlt,,,,,,,,,2.5,2.0,,4.5,2.675
,,Larne FC,Nir,,,,,,,,2.0,1.0,1.5,,4.5,2.616
,,Tre Fiori,Sma,,,,,1.0,0.5,1.5,,1.5,,,4.5,0.499
,,Saburtalo Tbilisi,Geo,,,,,,2.0,1.0,,1.5,,,4.5,2.475
,,Cliftonville,Nir,1.0,,0.5,,1.0,1.0,,,1.0,,,4.5,2.616
,,Chikhura Sachkhere,Geo,1.0,,0.25,0.25,1.5,1.5,,,,,,4.5,2.475
445.0,,Vikingur Reykjavik,Isl,,0.25,,,,,1.0,,2.0,1.0,,4.25,3.366
,,FC Prishtina,Kos,,,,0.25,1.0,0.5,0.5,2.0,,,,4.25,2.808
,,NSI Runavik,Far,,0.25,0.25,0.25,1.0,0.5,1.0,1.0,,,,4.25,2.875
,,Siroki Brijeg,Bos,0.5,,0.25,0.5,1.0,1.0,,1.0,,,,4.25,3.425
,,Rabotnicki Skopje,Mac,1.0,1.5,0.25,0.5,1.0,,,,,,,4.25,2.8
450.0,,Zimbru Chisinau,Mol,1.5,,0.5,,,,,,,1.5,,3.5,4.175
,,Sfântul Gheorghe,Mol,,,,,,,1.5,1.0,1.0,,,3.5,4.175
,,Dinamo-Auto Tiraspol,Mol,,,,,,,1.0,,,,,1.0,4.175
,,Speranta Nisporeni,Mol,,,,,,1.0,,,,,,1.0,4.175
,,Zaria Balti,Mol,,,0.25,0.5,1.0,,,,,,,1.75,4.175
,,Dacia Chisinau,Mol,,0.5,0.25,0.25,,,,,,,,1.0,4.175
,,Saxan Gagauz Yeri,Mol,,0.25,,,,,,,,,,0.25,4.175
,,FC Tiraspol,Mol,0.25,,,,,,,,,,,0.25,4.175
,,Veris Chisinau,Mol,0.25,,,,,,,,,,,0.25,4.175
,,Moldova,,,,,,,,,,,,,,4.175
459.0,,FK Panevezys,Lit,,,,,,,,1.5,1.0,1.5,,4.0,3.05
,,Vllaznia Shkodër,Alb,,,,,,,,1.5,1.5,1.0,,4.0,2.975
,,Inter Turku,Fin,,,,,,1.0,1.0,1.0,1.0,,,4.0,3.68
,,OFK Titograd,Mon,,0.5,1.0,0.5,1.0,1.0,,,,,,4.0,1.966
463.0,,Honka Espoo,Fin,0.25,,,,,,1.0,1.5,,1.0,,3.75,3.68
,,Coleraine,Nir,,,,0.25,1.0,,1.5,1.0,,,,3.75,2.616
,,Spartaks Jurmala,Lat,,0.5,0.25,1.0,2.0,,,,,,,3.75,3.25
466.0,,Haka Valkeakoski,Fin,,,,,,,,,,1.0,,1.0,3.68
,,SJK Seinäjoki,Fin,,0.25,1.0,0.25,,,,,1.5,,,3.0,3.68
,,Ilves Tampere,Fin,,,,,1.0,,1.0,,,,,2.0,3.68
,,RoPS Rovaniemi,Fin,0.5,,0.5,,,1.0,,,,,,2.0,3.68
,,FC Lahti,Fin,,0.25,,,1.0,,,,,,,1.25,3.68
,,IFK Mariehamn,Fin,,,0.25,1.0,,,,,,,,1.25,3.68
,,VPS Vaasa,Fin,0.25,0.25,,0.5,,,,,,,,1.0,3.68
,,MyPa-47,Fin,0.5,,,,,,,,,,,0.5,3.68
,,Finland,,,,,,,,,,,,,,3.68
474.0,,Sligo Rovers,Irl,0.5,,,,,,,1.0,2.0,,,3.5,3.665
,,Bohemians Dublin,Irl,,,,,,,1.0,2.0,,,,3.0,3.665
,,Uni College Dublin,Irl,,0.5,,,,,,,,,,0.5,3.665
,,Ireland,,,,,,,,,,,,,,3.665
477.0,,FC Struga,Mac,,,,,,,,1.0,,2.5,,3.5,2.8
,,Makedonija GjP,Mac,,,,,,1.0,,,1.5,1.0,,3.5,2.8
,,Velez Mostar,Bos,,,,,,,,2.0,1.5,,,3.5,3.425
,,Racing Union Luxembourg,Lux,,,,,1.0,,,1.0,1.5,,,3.5,2.825
481.0,,Tuzla City,Bos,,,,,,,,,1.5,,,1.5,3.425
,,Radnik Bijeljina,Bos,,,0.25,,,1.0,,,,,,1.25,3.425
,,Sloboda Tuzla,Bos,,,0.25,,,,,,,,,0.25,3.425
,,Olimpic Sarajevo,Bos,,0.25,,,,,,,,,,0.25,3.425
,,Bosnia-Herzegovina,,,,,,,,,,,,,,3.425
485.0,,KA Akureyri,Isl,,,,,,,,,,2.0,,2.0,3.366
,,IBV Vestmannaeyjar,Isl,,,,,1.0,,,,,,,1.0,3.366
,,Fram Reykjavik,Isl,0.25,,,,,,,,,,,0.25,3.366
,,Iceland,,,,,,,,,,,,,,3.366
488.0,,FK Auda,Lat,,,,,,,,,,1.5,,1.5,3.25
,,Glentoran,Nir,,0.25,,,,,1.0,1.0,,1.0,,3.25,2.616
,,Floriana,Mlt,,,,0.25,,,2.0,,1.0,,,3.25,2.675
,,Folgore,Sma,0.25,0.5,0.25,0.25,0.5,,,1.5,,,,3.25,0.499
,,FK Jelgava,Lat,0.25,0.5,1.0,0.25,,,,,,,,2.0,3.25
,,Skonto Riga,Lat,,0.5,,,,,,,,,,0.5,3.25
,,Daugava Riga,Lat,0.25,,,,,,,,,,,0.25,3.25
,,Daugava Daugavpils,Lat,0.25,,,,,,,,,,,0.25,3.25
,,Latvia,,,,,,,,,,,,,,3.25
496.0,,Ararat Yerevan,Arm,,,,,,,,1.5,1.0,,,2.5,3.175
,,FC Noah,Arm,,,,,,,1.0,1.0,,,,2.0,3.175
,,Shirak Gyumri,Arm,0.25,0.5,0.5,0.25,,,1.0,,,,,2.5,3.175
,,Gandzasar Kapan,Arm,,,,0.25,1.0,,,,,,,1.25,3.175
,,Ulisses Yerevan,Arm,,0.25,,,,,,,,,,0.25,3.175
,,Mika Ashtarak,Arm,0.25,,,,,,,,,,,0.25,3.175
,,Armenia,,,,,,,,,,,,,,3.175
502.0,,FC Hegelmann,Lit,,,,,,,,,,1.0,,1.0,3.05
,,Stumbras Kaunas,Lit,,,,,1.0,,,,,,,1.0,3.05
,,Atlantas Klaipeda,Lit,0.5,0.25,0.25,0.25,,,,,,,,1.25,3.05
,,Kruoja Pakruojis,Lit,,0.25,,,,,,,,,,0.25,3.05
,,Banga Gargzdai,Lit,0.25,,,,,,,,,,,0.25,3.05
,,Ekranas Panevezys,Lit,0.25,,,,,,,,,,,0.25,3.05
,,Lithuania,,,,,,,,,,,,,,3.05
508.0,,Swift Hesperange,Lux,,,,,,,,1.0,,2.0,,3.0,2.825
,,SC Gjilani,Kos,,,,,,,1.0,,1.0,1.0,,3.0,2.808
,,Trans Narva,Est,,,,,1.0,1.0,,,,1.0,,3.0,2.441
,,Newtown,Wal,,0.5,,,,,,1.0,1.5,,,3.0,1.983
512.0,,Egnatia Rrogozhinë,Alb,,,,,,,,,,1.0,,1.0,2.975
,,Luftëtari Gjirokastër,Alb,,,,,1.0,,,,,,,1.0,2.975
,,KS Flamurtari Vlorë,Alb,0.5,,,,,,,,,,,0.5,2.975
,,Albania,,,,,,,,,,,,,,2.975
515.0,,IF Fuglafjørdur,Far,0.25,,,,,,,,,,,0.25,2.875
,,Faroe Islands,,,,,,,,,,,,,,2.875
516.0,,Union Titus Pétange,Lux,,,,,,,1.0,,,,,1.0,2.825
,,Jeunesse d'Esch,Lux,0.25,,0.25,,,1.5,,,,,,2.0,2.825
,,Luxembourg,,,,,,,,,,,,,,2.825
518.0,,KF Dukagjini,Kos,,,,,,,,,,1.5,,1.5,2.808
,,KF Llapi,Kos,,,,,,,,1.0,1.0,,,2.0,2.808
,,Feronikeli,Kos,,,,,,1.5,,,,,,1.5,2.808
,,Trepça'89,Kos,,,,0.5,,,,,,,,0.5,2.808
,,Kosovo,,,,,,,,,,,,,,2.808
522.0,,Akademija Pandev,Mac,,,,,,1.0,,,1.0,,,2.0,2.8
,,Sileks Kratovo,Mac,,,0.25,,,,1.5,1.0,,,,2.75,2.8
,,Renova Dzepciste,Mac,,0.25,,,,,1.5,,,,,1.75,2.8
,,Pelister Bitola,Mac,,,,0.25,,,,,,,,0.25,2.8
,,Metalurg Skopje,Mac,1.0,,,,,,,,,,,1.0,2.8
,,FK Turnovo,Mac,0.25,,,,,,,,,,,0.25,2.8
,,North Macedonia,,,,,,,,,,,,,,2.8
528.0,,Sant Julià,And,0.25,0.25,,0.25,0.5,0.5,,1.0,,,,2.75,1.565
529.0,,Mosta FC,Mlt,,,,,,,,1.0,,,,1.0,2.675
,,Sirens FC,Mlt,,,,,,,1.0,,,,,1.0,2.675
,,Sliema Wanderers,Mlt,0.25,,,,,,,,,,,0.25,2.675
,,Malta,,,,,,,,,,,,,,2.675
532.0,,Ballymena United,Nir,,,,0.25,,1.0,,,,,,1.25,2.616
,,Glenavon,Nir,0.25,0.25,0.25,,1.0,,,,,,,1.75,2.616
,,Northern Ireland,,,,,,,,,,,,,,2.616
534.0,,Atlètic Club d'Escaldes,And,,,,,,,,,1.0,1.5,,2.5,1.565
,,UE Engordany,And,,,,,1.0,1.0,0.5,,,,,2.5,1.565
536.0,,Gagra Tbilisi,Geo,,,,,,,,1.0,,,,1.0,2.475
,,Lokomotivi Tbilisi,Geo,,,,,,,2.0,,,,,2.0,2.475
,,Samtredia,Geo,,,0.25,1.0,1.0,,,,,,,2.25,2.475
,,Spartak Tskhinvali,Geo,,0.25,,,,,,,,,,0.25,2.475
,,FC Zestafoni,Geo,0.5,,,,,,,,,,,0.5,2.475
,,Sioni Bolnisi,Geo,0.25,,,,,,,,,,,0.25,2.475
,,Georgia,,,,,,,,,,,,,,2.475
542.0,,FCI Tallinn,Est,,,0.25,0.5,,,,,,,,0.75,2.441
,,Kalev Sillamäe,Est,0.5,0.25,,,,,,,,,,0.75,2.441
,,Santos Tartu,Est,0.25,,,,,,,,,,,0.25,2.441
,,Estonia,,,,,,,,,,,,,,2.441
545.0,,Zeta Golubovci,Mon,,,,0.25,,1.0,1.0,,,,,2.25,1.966
,,Rudar Pljevlja,Mon,,1.0,0.25,,1.0,,,,,,,2.25,1.966
547.0,,FCB Magpies,Gib,,,,,,,,,1.0,1.0,,2.0,1.791
,,Decic Tuzi,Mon,,,,,,,,1.0,1.0,,,2.0,1.966
,,Iskra Danilovgrad,Mon,,,,,,,1.0,,1.0,,,2.0,1.966
550.0,,Haverfordwest County,Wal,,,,,,,,,,1.5,,1.5,1.983
,,Penybont,Wal,,,,,,,,,,1.0,,1.0,1.983
,,Barry Town,Wal,,,,,,0.5,0.5,,,,,1.0,1.983
,,Cardiff MU,Wal,,,,,,0.5,,,,,,0.5,1.983
,,Cefn Druids,Wal,,,,,0.5,,,,,,,0.5,1.983
,,Bangor City,Wal,0.25,,,0.25,,,,,,,,0.5,1.983
,,Llandudno FC,Wal,,,0.25,,,,,,,,,0.25,1.983
,,Airbus UK Broughton,Wal,0.25,0.25,,,,,,,,,,0.5,1.983
,,Aberystwyth Town,Wal,0.25,,,,,,,,,,,0.25,1.983
,,Wales,,,,,,,,,,,,,,1.983
559.0,,Arsenal Tivat,Mon,,,,,,,,,,1.0,,1.0,1.966
,,FK Podgorica,Mon,,,,,,,,1.0,,,,1.0,1.966
,,Bokelj Kotor,Mon,,,0.25,,,,,,,,,0.25,1.966
,,Celik Niksic,Mon,0.25,,,,,,,,,,,0.25,1.966
,,Lovcen Cetinje,Mon,0.25,,,,,,,,,,,0.25,1.966
,,Montenegro,,,,,,,,,,,,,,1.966
564.0,,Mons Calpe,Gib,,,,,,,,1.0,,,,1.0,1.791
,,Gibraltar,,,,,,,,,,,,,,1.791
565.0,,UE Santa Coloma,And,0.25,,0.25,0.25,,,,,1.0,,,1.75,1.565
566.0,,FC Lusitanos,And,,0.25,0.25,,,,,,,,,0.5,1.565
,,Andorra,,,,,,,,,,,,,,1.565
567.0,,Cosmos,Sma,,,,,,,,,,1.0,,1.0,0.499
568.0,,Juvenes Dogana,Sma,,0.25,,,,,,,,,,0.25,0.499
,,Libertas,Sma,0.25,,,,,,,,,,,0.25,0.499
,,San Marino,,,,,,,,,,,,,,0.499
